Id,Last Funding Types
Tencent,Post-IPO Debt
Warburg Pincus,Venture - Series Unknown
Twitter,Post-IPO Equity
Ubisoft,Post-IPO Secondary
WeWork,Post-IPO Equity
Wagestream,Debt Financing
Xendit,Series C
Techstars,Venture - Series Unknown
StartEngine,Equity Crowdfunding
Verizon,Grant
Terra,Venture - Series Unknown
Wyre,Venture - Series Unknown
Zomato,Venture - Series Unknown
SpaceX,Grant
Twitch,Series C
SAP,Post-IPO Equity
Wefunder,Seed
Swiggy,Undisclosed
Tive,Series B
Stanza Living,Debt Financing
Twilio,Post-IPO Equity
UrbanPiper,Series B
Tesla,Post-IPO Debt
Zilingo,Venture - Series Unknown
Xiaohongshu,Series E
Uniphore,Series E
Sonos,Secondary Market
Sanofi,Post-IPO Equity
Thunes,Series B
Turo,Venture - Series Unknown
Treinta,Series A
Zume,Private Equity
Yieldstreet,Series C
Yokoy,Series B
Solana,Initial Coin Offering
Samsung Electronics,Seed
Shopify,Series C
Whatfix,Series D
Trace,Series C
Yandex,Post-IPO Equity
Vytalize Health,Series B
Sophos,Post-IPO Equity
Squire,Series D
Satellogic,Post-IPO Equity
The Honest Company,Private Equity
SiFive,Series F
Shift,Post-IPO Debt
Zeta,Venture - Series Unknown
Sayurbox,Series C
Venture Catalysts,Seed
SoftBank,Post-IPO Debt
Silver Lake,Private Equity
Vontive,Debt Financing
Zoom,Post-IPO Equity
Substack,Series B
UpGrad,Venture - Series Unknown
The EVERY Company,Series C
Stripe,Secondary Market
SparkCognition,Series D
Zebra Technologies,Post-IPO Debt
Zendesk,Grant
Startup Wise Guys,Undisclosed
Wonderschool,Series B
Uber,Post-IPO Debt
Wayflyer,Series B
Stockal,Series A
Sequoia Capital,
Securitize,Series B
Somatus,Series E
Trell,Series B
WinZO,Series C
Stax,Series D
SamCart,Series B
Voyager,Post-IPO Equity
Snapdeal,Venture - Series Unknown
Silverfort,Series C
Trinity Capital,Post-IPO Equity
Sendoso,Series C
waresix,Series B
Tomo,Series A
Welcome Tech,Venture - Series Unknown
Sorare,Series B
Traveloka,Venture - Series Unknown
TrueLayer,Series E
Triple Whale,Series A
Worldcoin,Undisclosed
Shippo,Venture - Series Unknown
Umba,Series A
SpotOn,Series E
Spring Health,Venture - Series Unknown
Tinder,Undisclosed
Zilch,Series C
WonderFi,Post-IPO Debt
WorkRamp,Series C
Tractable,Series D
ServiceTitan,Series G
Yuga Labs,Seed
Voyager Innovations,Convertible Note
TransUnion,Post-IPO Debt
Socure,Series E
Viz,Series D
Typeform,Series C
Socotra,Series C
Spring,Venture - Series Unknown
ZestMoney,Series C
Subject,Series A
Wasoko,Series B
Twingate,Series B
Sierra Oncology,Post-IPO Equity
Season Health,Series A
ThoughtSpot,Series F
Spinny,Undisclosed
ShearShare,Seed
Tarana Wireless,Venture - Series Unknown
SESO,Series A
Sary,Series C
Sweetgreen,Series I
Tinybird,Series A
StarkWare Industries,Series C
SkyHive,Venture - Series Unknown
Sweep,Series B
Wealthfront,Series E
Xpressbees,Series F
Upgrade,Series F
SecurityScorecard,Series E
Veriff,Series C
The Wild,Venture - Series Unknown
Tanium,Secondary Market
Vedantu,Series E
Thumbtack,Series I
Staffbase,Series E
Slingshot Aerospace,Grant
Vestiaire Collective,Series I
TemperPack,Venture - Series Unknown
SWVL Technologies,Venture - Series Unknown
Studio,Series B
Yield Guild Games Southeast Asia,Seed
Sure,Series C
SmartHop,Series B
Watershed,Series B
Society Brands,Debt Financing
Zscaler,Secondary Market
Volocopter,Series E
UST,Private Equity
Wipro Technologies,Post-IPO Equity
Taxfyle,Series B
Squarespace,Venture - Series Unknown
Yotpo,Corporate Round
Zip,Post-IPO Debt
Tile,Debt Financing
Securonix,Private Equity
Starry,Series C
Slope,Series A
Truora,Series A
Xero,Post-IPO Debt
Upwork,Secondary Market
Span.IO,Series B
Theta Lake,Series B
Shipium,Series A
Starling Bank,Series D
Tonal,Series E
SenseTime,Series D
Workrise,Series E
Vogo,Series C
The Walt Disney Company,Post-IPO Debt
Spotify,Post-IPO Equity
Skill Lync,Series A
Stilt,Debt Financing
Whatnot,Series C
Vested Finance,Series A
Snorkel AI,Series C
Selina,Debt Financing
Zimperium,Venture - Series Unknown
Streamlit,Series B
Shipper,Venture - Series Unknown
Snapchat,Series F
unico IDtech,Series D
SES,Post-IPO Equity
Treasure Data,Venture - Series Unknown
ShipBob,Series E
Wiz,Series C
UserTesting,Grant
Wave,Series D
slice,Series B
Wiz Freight,Series A
Sona,Seed
TravelPerk,Series D
WeRide,Series D
Terran Orbital,Series B
Sift,Secondary Market
Upsie,Series A
Thirty Madison,Series C
tabby,Series B
Talend,Venture - Series Unknown
Skims,Series B
SmartRent,Post-IPO Equity
Zepto,Series A
SWORD Health,Series D
Spectro Cloud,Series B
Skiff,Series A
Trunk,Series A
Veho,Series B
Zipmex,Series B
Zynga,Post-IPO Equity
Unstoppable Domains,Series B
ZeroStorefront,Seed
Wheel,Series C
Smartsheet,Post-IPO Equity
SpinLaunch,Pre-Seed
Solarisbank,Series D
Vectra,Series F
Yugabyte,Series C
Viral Nation,Venture - Series Unknown
Sense,Undisclosed
UpScalio,Series B
Turntide Technologies,Convertible Note
SmartBear,Private Equity
Yoco,Series C
Thrive Agric,Debt Financing
what3words,Venture - Series Unknown
Yanolja,Venture - Series Unknown
Shadowfax,Series D
Voodoo,Corporate Round
Unqork,Venture - Series Unknown
Trulioo,Series D
Zillow,Post-IPO Equity
Stylitics,Series C
Snowflake,Series G
Weglot,Series A
Saphyre,Series A
Skuad,Series A
Upstox,Venture - Series Unknown
Toothsi,Venture - Series Unknown
Simpl,Series B
Snappt,Series A
WalkMe,Series G
Sydecar,Seed
TradeLanes,Venture - Series Unknown
Veev,Series D
SambaNova Systems,Series D
Shein,Series F
Shares,Series A
Stellar Development Foundation,Seed
Selector,Series A
Telefonica,Post-IPO Debt
TokenEx,Series B
Telstra,Grant
Yield Guild Games,Venture - Series Unknown
Zuora,Post-IPO Equity
Xerox,Post-IPO Equity
Seedcamp,Undisclosed
Wells Fargo,
Vivriti Capital,Series C
T. Rowe Price,
Tiger Global Management,
Volopay,Series A
Tribe Capital,Seed
Team8,Venture - Series Unknown
Y Combinator,Undisclosed
Santander Bank,Debt Financing
Temasek Holdings,
Slow Ventures,
Schneider Electric,Grant
The Carlyle Group,
Spark Capital,
Warner Music Group,Post-IPO Debt
Sedgwick Claims Management Services,Private Equity
The Boeing Company,Post-IPO Debt
SignalFire,
SeedInvest,Venture - Series Unknown
Singular,Series B
Walmart,
SoftBank Vision Fund,
VentureSouq,
SYSTEMIQ,Venture - Series Unknown
TPG,
Uphold,Series C
SoFi,Venture - Series Unknown
Scale AI,Secondary Market
WME,Private Equity
Serena Ventures,
Slack,Secondary Market
TAL Education Group,Post-IPO Equity
Wayra,Seed
WuXi AppTec,Debt Financing
trica,Seed
Valor Equity Partners,
Village Capital,
Science,Initial Coin Offering
US Department of Energy,
Wintermute Trading,Series B
Shasta Ventures,
Tech Coast Angels,Seed
Susquehanna International Group (SIG),
Sequoia Capital India,
Siemens,Post-IPO Equity
Shunwei Capital,
Startupbootcamp,Seed
Vertex Ventures,
Visa,Post-IPO Equity
Steadview Capital,
TC - TradersClub,Undisclosed
Yahoo,Series B
Sherpa,Venture - Series Unknown
White Star Capital,
Sonder,Post-IPO Equity
The Family,Venture - Series Unknown
Splunk,Post-IPO Equity
Seedrs,Equity Crowdfunding
Surge,
Stripes,
Sequoia Capital China,
ServiceNow,Private Equity
Sierra Ventures,
Wavemaker Partners,
Thoma Bravo,
Vitruvian Partners,
TriplePoint Venture Growth,Post-IPO Equity
Sony Innovation Fund,
SixThirty,Seed
Zabka Polska,Private Equity
Vulcan Capital,
Yintai Group,Undisclosed
Vanke,Post-IPO Equity
Shiprocket,Series E
Venrock,
Saudi Arabia's Public Investment Fund,Debt Financing
Scale Venture Partners,
TA Associates,
Wing Venture Capital,
True.,Venture - Series Unknown
WestBridge Capital,
State Street,
Vestar Capital Partners,Venture - Series Unknown
Shrug Capital,
Tencent Music Entertainment,Private Equity
SOSV,
Workday,Series F
StartX (Stanford-StartX Fund),Grant
SVB Capital,
United Internet Ventures,Private Equity
Strive,Seed
Union Square Ventures,
Summit Partners,
Unbound Finance,Seed
Section 32,
UDR,Post-IPO Secondary
UpHonest Capital,
Sand Hill Angels,
Ulu Ventures,
Winklevoss Capital,
Storm Ventures,
Telstra Ventures,
XYZ Venture Capital,
Two Sigma Ventures,
Standard Chartered Bank,
Soma Capital,Pre-Seed
United Overseas Bank,Grant
Sol Global investments,Post-IPO Debt
Western Technology Investment,
Stellaris Venture Partners,Venture - Series Unknown
Vela,Private Equity
Youth Business International,Grant
Threshold,
TTV Capital,
The Westly Group,
WarnerMedia,
Valar Ventures,
StepStone Group,
Venrex,
TCV,
Scottish Enterprise,
Wamda Capital,Undisclosed
WndrCo,
Universal Materials Incubator,Venture - Series Unknown
True Ventures,
Sapphire Ventures,Series D
South Park Commons,
Source Code Capital,
StageOne Ventures,
Streamlined Ventures,
Tusk Venture Partners,
Viking Global Investors,
Zigg Capital,
Y Combinator Continuity Fund,
U.S. Venture Partners,
Sofina,
VentureFriends,
Samsung Ventures,
Village Global,
Toba Capital,
SV Angel,Seed
Zeev Ventures,
SB Opportunity Fund,
TLV Partners,Venture - Series Unknown
Zetta Venture Partners,
Sorenson Capital,
Susa Ventures,
Three Arrows Capital,
Superangel,
Third Prime,
Touchdown Ventures,
Verlinvest,
Viola Ventures,
Stanford University,Grant
Sixth Street,Private Equity
Teamworthy Ventures,
WestWave Capital,
Vivo Capital,
Seraphim Capital,
Susquehanna Growth Equity,
Sopris Capital Associates,
U.S. Department of Defense,
TriplePoint Capital,
Speedinvest,
Times Internet,
VC4A,Venture - Series Unknown
Spectrum Equity,
Samsung NEXT,
SOFTBANK Latin America Ventures,
Trifecta Capital Advisors,
Social Impact Capital,
Tikehau Capital,Private Equity
SoftBank Capital,
Trinity Ventures,
Wellington Management,
SBI Investment,
Upfront Ventures,
TDK Ventures,
Standard Crypto,
Westpac,
Stage 2 Capital,
Tera Ventures,
Sands Capital Ventures,
XBTO Group,
TMV,
SBI Group,
Sumeru Equity Partners,
Swisscom Ventures,
Signal Peak Ventures,
WestCap,
Volition Capital,
UpWest,
Sound Ventures,
United Ventures,
Struck Capital,
Washington Post,
Samos Investments,
Senator Investment Group,
TenEleven Ventures,
Sandbox Industries,
Trilogy Equity Partners,
The New York Times,Post-IPO Debt
SymphonyAI,
Vertex Ventures Israel,
Winter Capital Advisors,
Zhejiang Geely Holding Group,
ZhenFund,
Stifel Financial,
Viola Growth,
Thrive Capital,
SuRo Capital,
Top Tier Capital Partners,
Voyager Capital,
Trustbridge Partners,
Stride Ventures,
Visionaries Club,
Trestle,Pre-Seed
Sanofi Ventures,
TDR Capital,
Vertex Ventures Southeast Asia & India,
TPG Growth,
TNB AURA,
World Innovation Lab (WiL),
Trian Fund Management,
Wipro Ventures,
Scout Ventures,
Victory Park Capital,
Ventures Platform,
XG Ventures,
Skystar Capital,
Sumitomo Corporation,
SineWave Ventures,
Tybourne Capital Management,
Two Bear Capital,
T-Mobile Ventures,
Secocha Ventures,
UOB Venture,
Tank Stream Ventures,
Sutter Hill Ventures,
Ventura Capital,
Triodos Investment Management,
Sevin Rosen Funds,
Tamarisc Ventures,
VDOSH,
Starboard Value,
Techstars Anywhere Accelerator,
Tally Capital,
Swicorp,
Shell Foundation,
Woodford Investment Management,
VilCap Investments,
Sodexo,
U.S. Food and Drug Administration,
U.S. Department of Health & Human Services,
Sydney Angels,
United States Navy,
US Angel Investors,
Volkswagen Group,
Venovate,Seed
The Parent Company,
Sunfox Capital,
West Africa Trade Hub,
Sky Lake Investment,
TNB Financial Services,
ValueAct Capital,
The SCAN Foundation,
Trade Capital Funding,Equity Crowdfunding
U.S. Trade and Development Agency,
Shawn Carter,
Intel,Post-IPO Equity
Ramp,Debt Financing
Nykaa,Secondary Market
Liquidity,Debt Financing
MoonPay,Series A
Grover,Debt Financing
Lyft,Secondary Market
HP,Post-IPO Equity
Polygon,Venture - Series Unknown
Meta,Post-IPO Equity
NVIDIA,Private Equity
NYDIG,Private Equity
Pensando,Series C
Rapido,Series D
Lenovo,Post-IPO Equity
Pine Labs,Private Equity
GupShup,Series F
GrubMarket,Venture - Series Unknown
Okta,Post-IPO Equity
Niantic,Series D
Nothing,Series B
Republic,Series B
Kaseya,Private Equity
PhableCare,Series B
Partners Group,Post-IPO Equity
Grafana Labs,Series D
Ola Electric,Venture - Series Unknown
PhonePe,Corporate Round
Laiye,Series C
LinkSquares,Series C
Handshake,Series F
LayerZero Labs,Series A
Puppet,Debt Financing
OpenAI,Corporate Round
Pipefy,Series C
Porsche,Debt Financing
IndiaMART,Venture - Series Unknown
Mondu,Seed
NIO,Post-IPO Equity
Qonto,Equity Crowdfunding
Netflix,Post-IPO Debt
IndieBio,Grant
Helium,Series D
MURAL,Series C
ICICI Bank,Post-IPO Debt
NEAR Protocol,Undisclosed
Hourwork,Series A
Pax8,Venture - Series Unknown
JULO,Debt Financing
Improbable,Corporate Round
Razer,Venture - Series Unknown
Maude,Series A
OYO,Secondary Market
Omnipresent,Series B
Knock,Debt Financing
Mojo Vision,Series B
PlayVS,Series C
Hugging Face,Series B
Nium,Venture - Series Unknown
SaltPay,Series C
Kaiyo,Series B
Roku,Series H
Khazna,Series A
Postman,Secondary Market
Jeeves,Series C
Robinhood,Private Equity
Pipe,Venture - Series Unknown
Lilt,Series C
Pixxel,Series A
PolySign,Series C
Moneybox,Series D
Nokia,Post-IPO Debt
Humana,Post-IPO Debt
Riot Games,Venture - Series Unknown
ITILITE,Series C
Motorola Solutions,Post-IPO Equity
Policygenius,Series E
LetsGetChecked,Series D
Roche,Post-IPO Equity
OfBusiness,Series G
Licious,Series F
PropertyGuru Group,Post-IPO Equity
Kpler,Private Equity
Roblox,Series H
Oxyzo,Series A
Island,Series B
Nord Security,Venture - Series Unknown
HackerRank,Series D
Moonfare,Private Equity
Hadrian,Series A
Roofstock,Series E
Rattle,Series A
OpenPhone,Series B
HubSpot,Series E
IntelyCare,Series C
Lunar,Series D
Northern Arc,Debt Financing
Ledger,Series C
MongoDB,Post-IPO Equity
Greenlight,Secondary Market
IRI,Private Equity
Gro Intelligence,Series B
Pacaso,Series C
Lumafield,Undisclosed
Rakuten,Post-IPO Equity
Kroger,Post-IPO Equity
Huntress,Series B
Instoried,Debt Financing
Rebel Foods,Series F
JP Morgan,
Medikabazaar,Series D
Intercom,Secondary Market
Newton School,Series B
Natural Fiber Welding,Series B
Medtronic,Post-IPO Equity
Krafton,Secondary Market
Nasuni,Venture - Series Unknown
PTC,Post-IPO Equity
Parallel Finance,Venture - Series Unknown
Hopper,Secondary Market
Obsidian Security,Series C
Juniper Square,Series C
Rocket Lab,Grant
Planet,Post-IPO Equity
GOQii,Series C
Lightning Labs,Series B
Microsoft,Venture - Series Unknown
Omni,Series B
Northvolt,Venture - Series Unknown
LambdaTest,Series C
Neiman Marcus Group,Corporate Round
Reliance Retail,Private Equity
Gympass,Venture - Series Unknown
GoTo Group,Private Equity
Moveworks,Series C
Lineage Logistics,Private Equity
MCaffeine,Series C
OneWeb,Corporate Round
Rupifi,Debt Financing
Meituan,Post-IPO Equity
IFS,Secondary Market
Notarize,Secondary Market
NoBroker,Series E
HelloFresh,Series G
Hulu,Undisclosed
Qure AI,Venture - Series Unknown
Noogata,Series A
Miso Robotics,Seed
Plex,Venture - Series Unknown
Rapid7,Series D
On Deck,Series A
Remitly,Corporate Round
Health IQ,Series D
Partake Foods,Venture - Series Unknown
Hive,Series D
JD Logistics,Post-IPO Equity
Lattice,Series F
Nearpod,Series B
Osso VR,Series C
ID.me,Debt Financing
Overwolf,Series D
o9 Solutions,Private Equity
Novartis,Grant
MobiKwik,Series G
Last9,Series A
OPEN,Series C
Rec Room,Venture - Series Unknown
Quiq,Series C
Oculus,Equity Crowdfunding
Multiplier,Series B
LanzaTech,Undisclosed
Lightricks,Venture - Series Unknown
LaunchDarkly,Series D
Nazara Technologies,Private Equity
Infor,Private Equity
Pindrop,Undisclosed
Optimism,Series B
Montonio,Series A
Leapsome,Series A
Pantheon,Series E
Jumio,Private Equity
Octane,Series D
SafetyCulture,Series D
Mina,Initial Coin Offering
Morgan Stanley,
Prime Trust,Series A
Guild Education,Series E
KnowBe4,Venture - Series Unknown
Invesco,Post-IPO Debt
Houzz,Venture - Series Unknown
Natera,Post-IPO Equity
Netskope,Venture - Series Unknown
Lucid,Venture - Series Unknown
Hydrow,Series D
OpenSea,Series C
Rent the Runway,Venture - Series Unknown
Near,Series D
OTA Insight,Series B
HSBC,
Sales Impact Academy,Convertible Note
Nreal,Series C
OpenWeb,Series E
GreyOrange,Debt Financing
Ola,Series J
Habyt,Secondary Market
Paysend,Venture - Series Unknown
Nova Credit,Series B
Instaclustr,Private Equity
Gotrade,Series A
Maven Clinic,Series D
Jerry,Series C
Infra.Market,Debt Financing
Purplle,Series D
Lux Capital,
ReshaMandi,Series A
Regeneron,Post-IPO Equity
Rutter,Series A
Optimal Dynamics,Series B
Redis,Secondary Market
Iterable,Series E
monday.com,Post-IPO Equity
RockX,Series A
Mux,Series D
Money View,Series D
Heap,Series D
Preply,Series C
re:cap,Seed
Hootsuite,Debt Financing
Hello Alice,Corporate Round
Mirae Asset Global Investments,Debt Financing
People.ai,Series D
Raptor Maps,Series B
KuCoin,Series A
Origin,Venture - Series Unknown
League,Series C
Info Edge,Post-IPO Equity
JumpCloud,Series F
Panther Labs,Series B
NCR,Post-IPO Equity
Orange,Post-IPO Debt
Icertis,Venture - Series Unknown
LetsVenture,Series A
MoEngage,Venture - Series Unknown
MyShubhLife,Series B
Home365,Series B
Helix,Series C
Procore,Series I
Pleo,Series C
Magic Eden,Series A
OXIO,Series B
Phool,Series A
Pocket FM,Series C
HackerOne,Series E
Juniper Networks,Post-IPO Equity
QueQ,Series A
GridX,Series C
Optibus,Series C
Northspyre,Series B
Insider,Series D
GoStudent,Series D
Phil,Series D
GrowSari,Series C
mfine,Series C
Livspace,Series F
NODAR,Series A
PagerDuty,Series D
Li Auto,Series C
GuildFi,Seed
Naver,Post-IPO Equity
Kin Insurance,Series D
JP Morgan Chase,Grant
Komodo Health,Series E
Grin,Series B
iQiyi,Post-IPO Equity
OneCode,Series A
Poplar Homes,Series B
Productboard,Series D
Rigetti Computing,Post-IPO Equity
Optimove,Secondary Market
Line,Post-IPO Equity
Pinduoduo,Post-IPO Equity
Justworks,Series E
Mindbody,Private Equity
Hivemapper,Series A
Navi Technologies,Private Equity
Podium,Series D
Indiegogo,Venture - Series Unknown
Revolut,Secondary Market
Koch Industries,Undisclosed
Rarible,Series A
IndiQube,Series B
Ring,Series D
Mamaearth,Venture - Series Unknown
Merck,Post-IPO Equity
Hex Technologies,Series B
MercadoLibre,Post-IPO Equity
Practo,Series D
RiseUp,Series B
Novo,Series B
Huobi,Initial Coin Offering
Payrails,Seed
ReViral,Series C
QuintoAndar,Series E
Onfido,Grant
Interos,Undisclosed
Pandora,Post-IPO Equity
Rivian,Private Equity
Orca Security,Series C
Medfin India,Series B
Proxymity,Series B
Homebound,Angel
Material Exchange,Series A
LifeMine Therapeutics,Series C
Norwest Venture Partners,
LawVu,Series A
Groupon,Post-IPO Equity
Lilium,Post-IPO Equity
Novelship,Series A
Omada Health,Series E
ProtonMail,Grant
PayPal,Series D
Remote,Series C
Mercury,Series B
InCred,Private Equity
Nautilus Labs,Series B
MediBuddy,Series C
Hercules Capital,Post-IPO Debt
Neuberger Berman Group,Post-IPO Equity
Neuron23,Series C
LongHash Ventures,Venture - Series Unknown
Layr,Series A
PPRO,Private Equity
IUNU,Series B
Reforge,Series B
IDG Capital,
Hycroft Mining,Post-IPO Equity
Perlego,Series B
LedgerPrime,Venture - Series Unknown
Liberty Global,Post-IPO Equity
Matrix Partners,
Lendable,Debt Financing
Lerer Hippeau,
Ripple,Series B
Mayo Clinic,Grant
OurCrowd,Private Equity
Polychain,Seed
Hillhouse Capital Group,
Mesh,Series A
Observe.AI,Series C
Insight Partners,
Grab,Post-IPO Equity
H.I.G. Capital,Venture - Series Unknown
Greylock,
Intact Financial Corporation,Post-IPO Equity
LoftyInc Capital Management,
LeapFrog Investments,Private Equity
GV,
Pattern,Venture - Series Unknown
Kristal.AI,Series B
LAUNCH,
M13,Venture - Series Unknown
QED Investors,
Razorpay,Series F
IIFL Wealth Management,Post-IPO Equity
Mastercard,
New Mountain Capital,Undisclosed
RBL Bank,Post-IPO Debt
Investcorp,Seed
Qualcomm,
Massachusetts Institute of Technology,Grant
HAX,
Reach Capital,
Kraken,Secondary Market
Palantir Technologies,Post-IPO Equity
RRE Ventures,
NewSpring,Private Equity
News Corp,Post-IPO Debt
Mogo,Post-IPO Equity
GSR Ventures,
PayU,
Northleaf Capital Partners,Private Equity
Miami Angels,
Rocket Internet,Post-IPO Equity
Matrixport,Series C
ParaFi Capital,Venture - Series Unknown
Hustle Fund,
HDFC Bank,
Quiet Capital,
REA Group,Post-IPO Debt
Kaiser Permanente,Grant
Runa Capital,Series A
Manulife Financial,Post-IPO Debt
Moglix,Series F
Molten Ventures,Post-IPO Equity
Ping An,Post-IPO Equity
MDI Ventures,Series B
Paradigm,
Operator Partners,
PLDT,Grant
Route,Venture - Series Unknown
Rev.com,Series D
OneValley,Series B
Ripio,Series B
Inflection Point Ventures,
L Catterton,
Latitud,Seed
Sabre Corporation,Post-IPO Debt
MassVentures,Grant
RA Capital Management,
Kima Ventures,
S2G Ventures,
Kalaari Capital,
JD.com,Post-IPO Debt
Mubadala,
National Institutes of Health,Grant
Qualcomm Ventures,
October,Debt Financing
Northzone,
Kingsway Capital,
RTP Global,
Lighter Capital,Debt Financing
OrbiMed,
Quona Capital,
Lighthouse Labs RVA,Grant
Mercato,Series A
Musha Ventures,
Reliance Jio,Corporate Round
Ignition,Series C
Lightspeed Venture Partners,
Griffin Gaming Partners,
Grammarly,Private Equity
RBC Capital,Post-IPO Debt
K2,Undisclosed
Lithia Motors,Post-IPO Debt
Oregon Venture Fund,Private Equity
Redpoint,
Liquid 2 Ventures,Venture - Series Unknown
LinkedIn,Post-IPO Equity
Mumbai Angels,
Menlo Ventures,
Legend Capital,
International Finance Corporation,
Protocol Labs,Venture - Series Unknown
Index Ventures,
HOF Capital,
Northstar,Series A
Gradient Ventures,
Outbound Ventures,
ICICI Lombard General Insurance,Post-IPO Secondary
Human Capital,
Jungle Ventures,
Realogy Holdings,Post-IPO Debt
Oak HC/FT,
responsAbility,Debt Financing
HNA Group,Debt Financing
LD Capital,
Outlier Ventures,
Insignia Ventures Partners,
OMERS Ventures,
Qiming Venture Partners,
Perella Weinberg Partners,Post-IPO Equity
Precursor Ventures,
Graph Ventures,
Nexus Venture Partners,
Lennar Corporation,Post-IPO Debt
IOSG Ventures,
Makers Fund,
Next Coast Ventures,Venture - Series Unknown
Paragon,Seed
Payhawk,Series B
Hummingbird Ventures,
Monashees,
Lemniscap,
Nintendo,
Horizons Ventures,
Oman Technology Fund,Pre-Seed
InnoVen Capital,
Level Equity Management,
Holmes Murphy & Associates,Venture - Series Unknown
ICONIUM,Seed
Haystack,
Khosla Ventures,
Jump Capital,
IMA Group,Post-IPO Secondary
Hack VC,Venture - Series Unknown
Primary Venture Partners,
LG Group,Series B
gumi Cryptos Capital (gCC),
Hard Yaka,
Right Side Capital Management,
Inventure,
Kenetic,Seed
Point72 Ventures,
MassMutual,
Optum Ventures,
Northpond Ventures,
Hashed,
Nyca Partners,
Major League Soccer,Debt Financing
Hearst Ventures,
Kinnevik,
Plug and Play Tech Center,
Lightrock,
NET1 UEPS Technologies Inc.,Post-IPO Equity
NextView Ventures,
Khaira Capital,
Node Capital,Pre-Seed
K1 Investment Management,
Pantera Capital,
Institutional Venture Partners,
Kleiner Perkins,
Innovaccer,Series E
Madrona Venture Group,
Rose Park Advisors,
Raptor Group,
Rethink Education,
Perceptive Advisors,
IKEA,
NGP Capital,
Ribbit Capital,
LionTree,
Notion Capital,
New Enterprise Associates,
NFX,
Project A Ventures,
Oracle,Venture - Series Unknown
Heliad Equity Partners,Post-IPO Equity
Interplay,
Honeywell,Grant
Kohlberg Kravis Roberts,Post-IPO Equity
Revolution,Series B
InnoEnergy,Undisclosed
Matrix Partners India,
Hoxton Ventures,
In-Q-Tel,
ICONIQ Growth,
PlaceHolder,Corporate Round
Highland Capital Partners,
Maveron,
Harlem Capital Partners,
PeakSpan Capital,
Salesforce Ventures,
Matrix Partners China,
Kapor Capital,
Kindred Capital,
Maverick Ventures,
Greyhound Capital,
LocalGlobe,
I Squared Capital,
IA Ventures,
Highland Europe,
Hike,Corporate Round
NetEase,Series A
KittyHawk Ventures,
Pear VC,
Rabobank,
Hellman & Friedman,
Partech,
Kotak Mahindra Bank,
Lightspeed China Partners,Series A
Multicoin Capital,
Pitango Venture Capital,Secondary Market
Initialized Capital,
Mangrove Capital Partners,
Hyperplane Venture Capital,
K3 Ventures,
Mayfield Fund,
Northstar Ventures,
Hannah Grey,Corporate Round
Innovation Endeavors,
MUFG Bank,
HTC,
NextGen Venture Partners,Seed
Prosus Ventures,
SaaS Ventures,
Revo Capital,
IFC,
Massachusetts Life Sciences Center,Grant
Piton Capital,
IONIQ,Series A
lool Ventures,
Great West Lifeco,Post-IPO Equity
NewLake Capital Partners,Venture - Series Unknown
Neotribe Ventures,
Ontario Teachers' Pension Plan,
Redmile Group,
Intel Capital,Seed
Red Sea Ventures,
OVO Fund,
Picus Capital,
Owl Ventures,
One Peak Partners,
SAIF Partners,
JCDecaux,Post-IPO Debt
IDC Ventures,
Lightbank,
Janus Henderson Investors,
Hashkey,
Mousse Partners,
MS&AD Ventures,
Ocean Azul Partners,
Propel Venture Partners,
Jerusalem Venture Partners (JVP),
HarbourVest Partners,
Hanaco Venture Capital,
IMO Ventures,
Hewlett Packard Enterprise,
LVP,
Panorama Point Partners,Venture - Series Unknown
IAC,
Nimble Ventures,
Point Nine,
Hikma Ventures,
North Coast Ventures,
Kae Capital,Venture - Series Unknown
North Bridge Venture Partners & Growth Equity,
Incubate Fund,
IIFL Finance,Post-IPO Equity
Longitude Capital,
Greenoaks Capital,
IDEO CoLab Ventures,
INKEF Capital,
Moderne Ventures,
Novator,
HeroMotoCorp Ltd,
McAfee,Private Equity
Norrsken VC,
Microsoft Climate Innovation Fund,
Hg,Venture - Series Unknown
M12 - Microsoft's Venture Fund,
Real Ventures,Venture - Series Unknown
January Capital,
Qatar Investment Authority,
Green Dot,Private Equity
Rockwell Automation,
Primavera Capital Group,
Rough Draft Ventures,
Industry Ventures,
NewView Capital,
I2BF Global Ventures,
Refinitiv,Private Equity
Pollen Street Capital,Private Equity
Government of Canada,
Hambro Perks Ltd.,Series B
Qumra Capital,
Omega Funds,
Norte Ventures,Seed
Hannover Re,
i80 | Group,
Newark Venture Partners,
Lone Pine Capital,
Prime Venture Partners,Seed
NEXT Frontier Capital,
Greenspring Associates,
Heavybit,Undisclosed
Next Play Capital,
HV Capital,
HCAP Partners,
MizMaa Ventures,
Omnes Capital,
Patamar Capital,
Our Innovation Fund,
Mizuho Bank,
Great Oaks Venture Capital,
Playfair Capital,
Rhapsody Venture Partners,
Kaiser Permanente Ventures,
LRVHealth,
NYSERDA,
Kensington Capital Partners Limited,
Refactor Capital,
Innova Memphis,
Saison Capital,
Liberty City Ventures,
Marcy Venture Partners,
NEO Global Capital (NGC),
Max Ventures and Industries,Post-IPO Equity
Mithril Capital Management,
MaC Venture Capital,
Green Bay Ventures,
Indian Angel Network,
National Australia Bank (NAB),
Morpheus Ventures,
rocketship.vc,Convertible Note
Octopus Ventures,
Raine Ventures,Series A
Inveready,
Impact America Fund,
New Era Capital Partners,
Great Hill Partners,Private Equity
Mitsubishi UFJ Financial Group,
Otium Capital,
Portland Seed Fund,Venture - Series Unknown
J-Ventures,
Lightbox,Pre-Seed
Health Catalyst Capital,
Providence Equity Partners,
One Planet Group,
Mindlance,
Idinvest Partners,
Guggenheim Partners,
Iron Pillar,Undisclosed
InMotion Ventures,
iGlobe Partners,
Hammerstone,
PAR Capital Management,
Plan B Media,Venture - Series Unknown
Moving Capital,
Meritech Capital Partners,
Rock Springs Capital,
Prosus & Naspers,
Ideaship,
Moore Strategic Ventures,
Hudson Structured Capital Management,
Legg Mason,
Renren,Private Equity
MindWorks Capital,
MUFG Innovation Partners,
ICONIQ Capital,Private Equity
Rebright Partners,
La Famiglia,
InterWest Partners,
Morgan Stanley Expansion Capital,
Matrix Capital Management,
Millennium Management,
Kaszek,
MassMutual Ventures,
Klass Capital,
March Capital,
Mapleblock Capital,
LVL1 Group,
JAFCO Asia,
Green Visor Capital,
National Black Bank Foundation,Grant
Kotak Investment Advisors,
Greater Sum Ventures,
Phenomen,
Lauder Partners,
New York Life Insurance,
Helios Investment Partners,
Hyperwise Ventures,
KR1,
Morgan Creek Digital,
Kerala Ventures,
Massachusetts Clean Energy Center,
Ping An Global Voyager,
New Leaf Venture Partners,
Hummer Winblad Venture Partners,
Knox Lane,
InfraVia Capital Partners,
Life Insurance Corporation of India,
Kingdom Holding Company,
MSA Capital,Secondary Market
Phyto Partners,
Pivot Investment Partners,
Igah Ventures.,
Liberty Media,
Keystone Capital,
Lippo Group,
Round2 Capital Partners,
Omidyar Network,
Legend Holdings,Venture - Series Unknown
MVI (MENA Venture Investments),
Highbridge Capital Management,
Mackenzie Investments,
Meyer Global Management,
Pershing Square Capital Management,
Renaissance Venture Capital,
PCCW,
Migdal Insurance and Financial Holdings,
Plymouth Growth,
Nikko AssetManagement,
K50 Ventures,
Limitless Crypto Investments,
Mudrick Capital Management,
Network18,Venture - Series Unknown
Japan Post Holdings,
Israel Growth Partners,
Karlin Ventures,
Hiro Capital,
Krillion Ventures,
Lianluo,Series D
Intercap,
Queno,Seed
Impellent Ventures,
Karur Vysya Bank,Post-IPO Equity
LVenture Group,
Nordic Investment Bank,
Pierce,
MIT Venture Mentoring Service (MIT VMS),
Peacock Equity,
Ludwig Cancer Research,
OSINOVA,
Nz Funds,
GVK Davix Technologies,
Inc.,
Apollo,Post-IPO Equity
Fast,Series B
Apple,Post-IPO Debt
Convoy,Debt Financing
CoinDCX,Series D
Genies,Series C
Coinbase,Secondary Market
Animoca Brands,Secondary Market
blinkit,Debt Financing
AngelList,Series B
Digital Currency Group,Debt Financing
CertiK,Series B
CrowdStrike,Series E
Globalization Partners,Private Equity
Bambee,Series C
Checkr,Series E
Brex,Series C
Gemini,Private Equity
Choco,Series B
Atlassian,Secondary Market
Eight Sleep,Series C
Camino Financial,Debt Financing
Amber Group,Series B
Chief,Series B
Axie Infinity,Series A
Flipkart,Private Equity
Builder.ai,Series C
Airtel,Post-IPO Equity
Galaxy Digital,Post-IPO Debt
Docker,Series C
Andela,Series E
Classplus,Series D
eToro,Private Equity
Citi,Post-IPO Equity
CoinSwitch Kuber,Series C
Flutterwave,Series D
Blockdaemon,Venture - Series Unknown
Algorand,Secondary Market
2TM,Corporate Round
Berkshire Hathaway,Post-IPO Equity
Epic Games,Venture - Series Unknown
Digits,Series C
Crowdcube,Secondary Market
Forge,Venture - Series Unknown
Comcast,Grant
Coda Payments,Secondary Market
Chalo,Venture - Series Unknown
Financepeer,Series B
Google,Undisclosed
Fuzzy,Series C
DFINITY,Secondary Market
Filevine,Series D
Airbyte,Series B
Cart.com,Venture - Series Unknown
FarMart,Series B
Amazon,Post-IPO Equity
Datto,Series B
Endeavor,Undisclosed
Dojo,Debt Financing
AiFi,Series B
Axis Bank,Post-IPO Equity
Circle,Private Equity
BookMyShow,Venture - Series Unknown
Careem,Series F
Datadog,Convertible Note
GitLab,Series E
Bristol Myers Squibb,Post-IPO Debt
Ginkgo Bioworks,Series B
Ericsson,Post-IPO Debt
Airwallex,Series E
Built Robotics,Series C
CoinList,Series A
ConcertAI,Series C
Anaplan,Secondary Market
Doctolib,Series F
ChargePoint,Post-IPO Debt
Climeworks,Private Equity
Fanatics,Venture - Series Unknown
Branch,Series F
BlackSoil,Debt Financing
GlaxoSmithKline,Grant
Forethought,Series C
Darktrace,Series E
Capchase,Series B
Chewy,Series F
Apna,Series C
6sense,Series E
DocuSign,Secondary Market
Games24x7,Venture - Series Unknown
Esusu Financial,Series B
DJI,Private Equity
Fastly,Series F
Clipboard Health,Series C
Cloudflare,Series E
Ava Labs,Initial Coin Offering
Celsius Network,Series B
Etsy,Post-IPO Equity
Clarify Health Solutions,Series D
Figment,Series C
Blockchain Capital,Venture - Series Unknown
Clearco,Series C
FIDEL API,Series B
Binance.US,Seed
Deezer,Series F
Anchorage,Series D
Captain Fresh,Series C
gener8tor,Venture - Series Unknown
Avi Medical,Series B
21Shares,Seed
Genesys,Private Equity
Bayer,Post-IPO Equity
AgroStar,Series D
G2,Series D
Adyen,Venture - Series Unknown
Current,Series D
CAIS,Private Equity
Andreessen Horowitz,
Bitwise Industries,Series B
DigiLens,Series D
Biobot Analytics,Series A
Capitolis,Series D
Dolado,Series A
Axonius,Series E
Bird,Post-IPO Equity
Foodpanda,Undisclosed
Clari,Series F
DailyPay,Debt Financing
Alloy,Series C
Data.world,Series C
1K Kirana Bazaar,Series B
Box,Post-IPO Equity
GoDaddy,Post-IPO Equity
DraftKings,Post-IPO Equity
Argo AI,Corporate Round
Accenture,Grant
DigitalOcean,Post-IPO Equity
Celona,Series C
BuzzFeed,Post-IPO Debt
CircleCI,Venture - Series Unknown
Ethereum Foundation,Secondary Market
FTX US,Series A
Beqom,Private Equity
Euler Motors,Series B
BlockTower Capital,Venture - Series Unknown
Funding Circle,Post-IPO Debt
Dapper Labs,Series D
FinAccel,Series C
Credpal,Convertible Note
Diligent Robotics,Series B
EvolutionIQ,Series A
Fasset,Series A
CICC,Post-IPO Equity
Fyllo,Series C
Global Data Consortium,Venture - Series Unknown
Ather Energy,Series D
Ethos,Series D
Afterpay,Post-IPO Equity
Bitpanda,Series C
Goldbelly,Series C
BluSmart Mobility,Debt Financing
Click Therapeutics,Debt Financing
Cohesity,Series E
Cuyana,Series C
Aave,Secondary Market
Decentraland,Secondary Market
Coupa Software,Post-IPO Equity
Azimo,Debt Financing
Capital on Tap,Private Equity
Envestnet,Post-IPO Equity
Exo,Series C
Deserve,Corporate Round
EnKash,Series B
Avail Finance,Debt Financing
Bank of Montreal,Post-IPO Equity
Forto,Series D
BitMart,Series B
Fundrise,Debt Financing
Amenitiz,Series A
Fair,Debt Financing
Go1,Series D
Aptos,Seed
Course Hero,Series C
Coronet,Series C
Bizongo,Series D
Eleanor Health,Series C
Ampere Computing,Corporate Round
Gogoro,Series C
Birchbox,Series D
Chingari,Series A
Gaingels,
Delhivery,Series I
Cogoport,Series B
ChargeAfter,Series B
Fluence,Private Equity
Algolia,Series D
Flexport,Series E
Apollo.io,Series C
Brightline,Series C
Emitwise,Series A
DataStax,Venture - Series Unknown
Eurazeo,Post-IPO Equity
Garage Capital,Grant
ada,Corporate Round
Demandbase,Series H
BillionToOne,Series C
Drip Capital,Secondary Market
BitPay,Series B
ExecOnline,Series D
dyte,Seed
Community Gaming,Series A
Dialogue,Series B
Blavity,Series A
Digit Insurance,Venture - Series Unknown
Bounce,Debt Financing
Arcadia,Series E
Critical Start,Private Equity
ElasticRun,Series E
Extend,Series C
Deepki,Series C
Credit Kudos,Series A
Everli,Series C
Aavishkaar Venture Capital,Venture - Series Unknown
Aclima,Series B
Ankr,Venture - Series Unknown
Carousell,Private Equity
Fivetran,Series D
Dataiku,Series E
Cyera,Series A
Attivo Networks,Series C
EdCast,Series D
Black Crow AI,Series A
Enjin,Initial Coin Offering
Blackberry,Post-IPO Equity
Aura,Series F
8VC,Venture - Series Unknown
DoorDash,Series H
Figure,Series D
Birdeye,Series C
Embark,Series B
Abra,Series C
Cleo,Series C
Freenome,Corporate Round
Flock Homes,Series A
FLASH,Private Equity
Esper,Series C
Aye Finance,Debt Financing
bitsCrunch,Undisclosed
Apartment List,Series D
Alteryx,Series C
fuboTV,Series D
Dataminr,Series F
Bear Robotics,Series B
Affinity,Series C
Cyara,Private Equity
ComboCurve,Series B
Future Family,Series B
Bandhan Bank,Post-IPO Equity
Apollo Agriculture,Series B
ForAllSecure,Series B
Druva,Secondary Market
Aon plc,Post-IPO Equity
Bubble,Series A
Encantos,Seed
Dapio,Seed
Brightside Health,Series B
Bolttech,Series A
Evernow,Series A
BlueOcean,Series B
Foursquare,Series G
Compt,Series A
54gene,Series B
Causal,Series A
Goodlord,Series B
Funding Societies,Debt Financing
Doceree,Series A
fabric,Series C
Canopy,Venture - Series Unknown
Conversica,Series E
Crehana,Series B
Arcus,Venture - Series Unknown
FINN,Debt Financing
ClassPass,Series E
Citizen,Venture - Series Unknown
ChartHop,Series B
Forward,Series D
CollegeDekho,Series B
Beewise,Series C
EnrichHER,Seed
500 Startups,Venture - Series Unknown
Gem,Series C
Gig Wage,Debt Financing
Fiveable,Series A
Firstbase,Series B
Carbon,Secondary Market
Altibbi,Series B
Boba Network,Series A
CaptivateIQ,Series C
Automattic,Venture - Series Unknown
Corning,Grant
Ascend.io,Series B
Amagi Media Labs,Venture - Series Unknown
Blockstream,Series B
BITKRAFT Ventures,Corporate Round
ConsenSys,Series D
Auth0,Secondary Market
Arweave,Initial Coin Offering
Deepcell,Series B
Advantage Capital,Debt Financing
Cloudera,Post-IPO Secondary
Dfns,Seed
Cottage,Series A
Astranis,Series C
BoostUp.ai,Series B
Everlaw,Series D
Arzeda,Series B
Clever,Series B
Clip,Series D
Bpifrance,
Deutsche Bank,Post-IPO Equity
DataRails,Series B
Functionland,Non-equity Assistance
BitGo,Venture - Series Unknown
Arena.im,Series A
Adaptive Biotechnologies,Post-IPO Equity
FloQast,Series D
Cross River,Series D
FiveAI,Series B
Drata,Series B
Airbnb,Secondary Market
BigBear.ai,Post-IPO Debt
Akeneo,Series D
Datanomik,Seed
AgentSync,Series B
FanDuel,Convertible Note
Duck Creek Technologies,Private Equity
Chainlink,Initial Coin Offering
Cyberpion,Series A
Elastic,Secondary Market
BlueVoyant,Series D
Carto,Series C
D-ID,Series B
ChannelEngine,Series B
Firefly Aerospace,Series B
Bigblue,Series A
DNAnexus,Series H
Emeritus,Debt Financing
Amplience,Series D
Couchbase,Series G
ANSYS,Post-IPO Equity
Glance,Series D
Ajaib,Series B
Buyk,Debt Financing
Goldman Sachs,
Five9,Debt Financing
Card91,Seed
ByteDance,Private Equity
Goodwater Capital,
E2open,Post-IPO Equity
Cruise,Secondary Market
Columbia Care,Post-IPO Debt
FRVR,Series A
CRED,Venture - Series Unknown
Cialfo,Series B
Cushman & Wakefield,Post-IPO Debt
Glassdoor,Secondary Market
B Capital Group,
Credit Suisse,
BoxGroup,
Barclays,
Alchemist Accelerator,Venture - Series Unknown
Broadridge,Post-IPO Debt
Brightspark Ventures,Grant
Ceras Ventures,Pre-Seed
Baillie Gifford,Secondary Market
FootPrint Coalition,Venture - Series Unknown
Binance,Venture - Series Unknown
BNY Mellon,Post-IPO Debt
Canary,Corporate Round
Asymmetry Ventures,
Bolt,Series F
BlockFi,Secondary Market
AMC Theatres,Post-IPO Debt
Ascension,Pre-Seed
Farfetch,Post-IPO Equity
FundersClub,Series A
DCVC,
Accel,
Draper Associates,
Coinbase Ventures,
Affirm,Post-IPO Equity
Base10 Partners,
Carmoola,Seed
EQT,
BlackRock,
Acequia Capital (AceCap),
Daimler,Post-IPO Secondary
Didi,Debt Financing
Base,Series C
BlocPower,Venture - Series Unknown
Framework Ventures,
Gojek,Corporate Round
Creandum,
Delivery Hero,Post-IPO Debt
Elemental Excelerator,Grant
Alibaba Group,Post-IPO Equity
Gojo & Company,Series D
BC Partners,Private Equity
Fifth Wall,
eBay,Venture - Series Unknown
Electric,Series D
finleap,Venture - Series Unknown
Craft Ventures,
Anthemis Group,Venture - Series Unknown
European Bank for Reconstruction and Development,Debt Financing
Global Founders Capital,
EXPERT DOJO,Equity Crowdfunding
1kx,Undisclosed
Blue Collective,
Caffeinated Capital,
Emtek Group,Post-IPO Equity
Atomico,
Checkout.com,Series D
Ark Kapital,Debt Financing
Fifty Years,
Cisco,Series A
Google for Startups,
Fidelity Management and Research Company,
Alpha JWC Ventures,
Coatue,
Argo Blockchain,Post-IPO Debt
GirnarSoft,Series D
Electric Capital,Series A
DeFiance Capital,
9Unicorns Accelerator Fund,
Autotech Ventures,Corporate Round
Fairfax Financial Holdings,Post-IPO Debt
Bosch,
Aleph Holding,Corporate Round
Applied Materials,Grant
Goldman Sachs Asset Management,
Foxconn Technology Group,Series B
F-Prime Capital,
CredAvenue,Series B
DNV GL,Grant
Founder Collective,
Alpha Wave Global,
Augmentum Fintech,Post-IPO Equity
Coil,Grant
Evotec,Grant
Addition,
Adobe,Venture - Series Unknown
Aramex International,Post-IPO Equity
Global Atlantic,Private Equity
Dragonfly Capital Partners,
Edison,Venture - Series Unknown
Bain Capital,
AXA Venture Partners,
468 Capital,
General Atlantic,
Banco Bilbao Vizcaya Argentaria,Post-IPO Debt
Altos Ventures,
Better Capital,
Cowen Group,Post-IPO Debt
CircleUp,Debt Financing
Arca,Series A
Bessemer Venture Partners,
Alphabet,
Everyrealm,Series A
General Motors,Grant
Breyer Capital,
Engie,Post-IPO Debt
FirstMark,
Eat Just,Venture - Series Unknown
Commerce Ventures,
Elephant,
Blockchain.com,Series D
Baird Capital,
Bienville Capital,
Global Ventures,Undisclosed
BnkToTheFuture,Initial Coin Offering
Flybridge,
American Axle & Manufacturing,Grant
Good Technology,Debt Financing
Bitmain,Series B
Cathay Innovation,
Disruptive,Venture - Series Unknown
Alven,
Canvas Ventures,
Flourish Ventures,
3one4 Capital,
Evisort,Series B
Bracket Capital,
EQT Ventures,
Fabric Ventures,
Astanor Ventures,
East Ventures,
BACKED VC,
EDBI,
Cherry Ventures,
Energy Impact Partners,
ADQ,
360 Capital,
AlleyCorp,
Atlantic Labs,
City Light Capital,
Alameda Research,
Aviatrix,Series E
Cleo Capital,
Antares Capital,Debt Financing
AirTree Ventures,
GoBeyond,Corporate Round
BlueRun Ventures,
GGV Capital,
Casdin Capital,
Credit Benchmark,Series C
GIC,
Alto Partners Multi-Family Office,
Clocktower Technology Ventures,
Dorm Room Fund,
CPP Investments,
DCM Ventures,
Abu Dhabi Investment Authority,
Cowboy Ventures,
Fin Venture Capital,
Alive Ventures,Venture - Series Unknown
Dell Technologies Capital,
Forum Ventures,
Alpha Edison,
Aphria,Post-IPO Equity
Crosslink Capital,
FJ Labs,
FBG Capital,
Gobi Partners,
G Squared,
BBG Ventures,
Fenbushi Capital,
Crane Venture Partners,
Blumberg Capital,
Atlas Venture,Venture - Series Unknown
Capital One,
Creative Destruction Lab (CDL),Grant
Alteria Capital,
Good Friends,
Community Investment Management,Venture - Series Unknown
ff Venture Capital,
Accenture Ventures,
Fundamental Labs,
Continental,
Adams Street Partners,
Cervin,
Correlation Ventures,
BMW i Ventures,
Credit Saison,
FTV Capital,
Bossa Nova Investimentos,Pre-Seed
Almaz Capital,
Fiserv,
Amplify Partners,
Emerson Collective,
645 Ventures,
Franklin Templeton Investments,
Bregal Sagemount,
Access Ventures,Grant
Evolution VC Partners,
Chicago Ventures,
Foundry Group,
Fenway Summer Ventures,Secondary Market
Founders Factory,Venture - Series Unknown
First Round Capital,
Elliott Management,
Capital Factory,
Bain Capital Ventures,
Forerunner Ventures,
BECO Capital,
CoinFund,
Equal Ventures,
Earlybird Venture Capital,Venture - Series Unknown
CDC Group,
Azure Capital Partners,
AltaIR Capital,
Avenir Growth Capital,
EquityZen,Series B
Fort Ross Ventures,
Bethnal Green Ventures,
Axilor Ventures,
Brand Foundry Ventures,
Felix Capital,
Capnamic Ventures,
CapitalG,
Global Brain Corporation,
Fireside Ventures,
Brand Capital International,
DoraHacks,Venture - Series Unknown
Deutsche Borse,
BEENEXT,
9Yards Capital,
ARK Investment Management,Undisclosed
Brevan Howard Asset Management,
Battery Ventures,
DST Global,Undisclosed
Cadenza Capital Management,
Atlantic Bridge,
Declaration Partners,
Balderton Capital,
Citi Ventures,
Goldcrest Capital,
Eniac Ventures,
Bragiel Brothers,
Goat Capital,
DN Capital,
Eight Roads Ventures,
Eldridge,
Episode 1,Venture - Series Unknown
Energize Ventures,
AME Cloud Ventures,
Emergent Ventures,
EPIC Ventures,
01 Advisors,
Accel-KKR,Venture - Series Unknown
Breega,
Foundation Capital,
Chiratae Ventures,
Caisse de Depot et Placement du Quebec,
Citibank,
Blume Ventures,
Airbus,
Golub Capital,Private Equity
Activant Capital,
CIBC,
Alkeon Capital,
Bread and Butter Ventures (fka The Syndicate Fund),
Floodgate,
CRCM Ventures,
Finrise,Seed
Corner Ventures,
Blue Cloud Ventures,
Fusion Fund,
17Capital LLP,
Boehringer Ingelheim,
Company Ventures,
Bullpen Capital,Venture - Series Unknown
Fannie Mae,
DIRECTV,
Golden Gate,Series A
Felicis Ventures,
AE Industrial Partners,
FuturePlay,
Amplify.LA,Venture - Series Unknown
Cyberstarts,
Blackstone Group,
Echo Health Ventures,
Canaccord Genuity Group,
BNP Paribas,
Emerge Education,
EASME - EU Executive Agency for SMEs,
DTCP,
Catalyst Investors,
Benhamou Global Ventures,
Google Launchpad Accelerator,
AOL,Corporate Round
Alma Mundi Ventures,Venture - Series Unknown
DivcoWest,
All Iron Ventures,
Future Shape,
Ford Motor,
European Investment Bank,
American Express Ventures,
DARPA,
Amino Capital,
AT&T,
Collaborative Fund,
CRV,
CASSIUS Family,
Closed Loop Partners,
Forgepoint Capital,
Arm Holdings,
European Commission,
ArcTern Ventures,Series A
ANRI,
Centana Growth Partners,
AllianceBernstein,
Fuel Venture Capital,
Crosscut Ventures,
FMO,
Gilde Healthcare,
Fortress Investment Group,
August Capital,
Electronic Arts,Post-IPO Equity
Canaan Partners,
DILA Capital,Series A
City National Bank,Venture - Series Unknown
Elevate Capital,
ArkStream Capital,
Day One Capital,
Canada Pension Plan Investment Board,
Altice USA,Private Equity
Fulcrum Equity Partners,
Dragoneer Investment Group,
Cerberus Capital Management,
Amadeus Capital Partners,
Generation Investment Management,
Chan Zuckerberg Initiative,
Album VC,
Faber,
Bon Angels Venture Partners,
Ascent Capital,
ABS Capital Partners,
Baidu,Series C
Blu Venture Investors,
Bill & Melinda Gates Foundation,
Fearless Fund,
EMVC,
Frazier Healthcare Partners,
Backstage Capital,Equity Crowdfunding
Cantor Fitzgerald,
DHVC,
Cleveland Avenue,
American Family Ventures,
Deciens Capital,
Global Venture Capital,
Access Industries,
Broadway Angels,
George Kaiser Family Foundation,
Endeavour Vision,
Base Ventures,
Andera Partners,
Columbia Lake Partners,
Breakthrough Energy Ventures,
Court Square Capital Partners,
Capital Midwest Fund,
Alpha Square Group,
Abraaj Group,
Bloomberg Beta,
Comcast Ventures,
Austin Ventures,
FinTech Collective,
Fortissimo Capital,
Boost VC,Venture - Series Unknown
Formation 8,
Golden Gate Capital,
Embark Ventures,
ESL Gaming,Venture - Series Unknown
F&G Venture,
Fidelity International Strategic Ventures,
American Rescue Plan,
DASH Ventures,
Baring Vostok Capital Partners,
East West Bank,
Alpha Sigma Capital,
ESO Fund,
Crescent Cove Advisors,
ArrowMark Partners,
CM Ventures,
Calvert Impact Capital,
Boldstart Ventures,
Barclays Investment Bank,
Disrupt Ventures,
Amicus Capital,
Dyal Capital Partners,
European regional development fund (ERDF),
Baroda Ventures,
Geekdom Fund,
Gaja Capital,
dmg ventures,
8 Decimal Capital,
CSA Partners LLC,
BBVA Ventures,
Bigpoint,Private Equity
Gauss Ventures,
Aviva Investors,
Deep Fork Capital,
Biomedical Advanced Research and Development Authority (BARDA),
BAM Ventures,
Boyu Capital,
Allison Transmission Holdings,
Comdisco Ventures,
GMT Capital,
BAIC Group,
Chinese Academy Of Sciences,
Alecta,
ATN International,
GMG Ventures,
Bay Wharf Capital,
AloStar,
Cowen Digital,
Arthur Rock & Co,
Activation Capital,
Gavi,
GO Virginia,
Amit Gupta,
